{
	"class_name" : "PinholeCameraParameters",
	"extrinsic" : 
	[
		0.63562127697331727,
		0.024740526014788912,
		-0.77160449624877203,
		0.0,
		0.087862106970377635,
		-0.99531044487837828,
		0.040464409976308055,
		0.0,
		-0.76698490364383032,
		-0.093514836729346712,
		-0.63481425070168995,
		0.0,
		-0.19424164354647577,
		0.21591123421766922,
		1.4483504955616819,
		1.0
	],
	"intrinsic" : 
	{
		"height" : 1080,
		"intrinsic_matrix" : 
		[
			935.30743608719376,
			0.0,
			0.0,
			0.0,
			935.30743608719376,
			0.0,
			959.5,
			539.5,
			1.0
		],
		"width" : 1920
	},
	"version_major" : 1,
	"version_minor" : 0
}